filename,label
images\000000_00_buka.png,(
images\000001_00_buka.png,(
images\000002_00_buka.png,(
images\000003_00_buka.png,(
images\000004_00_buka.png,(
images\000005_00_buka.png,(
images\000006_00_buka.png,(
images\000007_00_buka.png,(
images\000008_00_buka.png,(
images\000009_00_buka.png,(
images\000010_00_buka.png,(
images\000011_00_buka.png,(
images\000012_00_buka.png,(
images\000013_00_buka.png,(
images\000014_00_buka.png,(
images\000015_00_buka.png,(
images\000016_00_buka.png,(
images\000017_00_buka.png,(
images\000018_00_buka.png,(
images\000019_00_buka.png,(
images\000020_00_buka.png,(
images\000021_00_buka.png,(
images\000022_00_buka.png,(
images\000023_00_buka.png,(
images\000024_00_buka.png,(
images\000025_00_buka.png,(
images\000026_00_buka.png,(
images\000027_00_buka.png,(
images\000028_00_buka.png,(
images\000029_00_buka.png,(
images\000030_00_buka.png,(
images\000031_00_buka.png,(
images\000032_00_buka.png,(
images\000033_00_buka.png,(
images\000034_00_buka.png,(
images\000035_00_buka.png,(
images\000036_00_buka.png,(
images\000037_00_buka.png,(
images\000038_00_buka.png,(
images\000039_00_buka.png,(
images\000040_00_buka.png,(
images\000041_00_buka.png,(
images\000042_00_buka.png,(
images\000043_00_buka.png,(
images\000044_00_buka.png,(
images\000045_00_buka.png,(
images\000046_00_buka.png,(
images\000047_00_buka.png,(
images\000048_00_buka.png,(
images\000049_00_buka.png,(
images\000050_00_buka.png,(
images\000051_00_buka.png,(
images\000052_00_buka.png,(
images\000053_00_buka.png,(
images\000054_00_buka.png,(
images\000055_00_buka.png,(
images\000056_00_buka.png,(
images\000057_00_buka.png,(
images\000058_00_buka.png,(
images\000059_00_buka.png,(
images\000060_00_buka.png,(
images\000061_00_buka.png,(
images\000062_00_buka.png,(
images\000063_00_buka.png,(
images\000064_00_buka.png,(
images\000065_00_buka.png,(
images\000066_00_buka.png,(
images\000067_00_buka.png,(
images\000068_00_buka.png,(
images\000069_00_buka.png,(
images\000070_00_buka.png,(
images\000071_00_buka.png,(
images\000072_00_buka.png,(
images\000073_00_buka.png,(
images\000074_00_buka.png,(
images\000075_00_buka.png,(
images\000076_00_buka.png,(
images\000077_00_buka.png,(
images\000078_00_buka.png,(
images\000079_00_buka.png,(
images\000080_00_buka.png,(
images\000081_00_buka.png,(
images\000082_00_buka.png,(
images\000083_00_buka.png,(
images\000084_00_buka.png,(
images\000085_00_buka.png,(
images\000086_00_buka.png,(
images\000087_00_buka.png,(
images\000088_00_buka.png,(
images\000089_00_buka.png,(
images\000090_00_buka.png,(
images\000091_00_buka.png,(
images\000092_00_buka.png,(
images\000093_00_buka.png,(
images\000094_00_buka.png,(
images\000095_00_buka.png,(
images\000096_00_buka.png,(
images\000097_00_buka.png,(
images\000098_00_buka.png,(
images\000099_00_buka.png,(
images\000100_00_tutup.png,)
images\000101_00_tutup.png,)
images\000102_00_tutup.png,)
images\000103_00_tutup.png,)
images\000104_00_tutup.png,)
images\000105_00_tutup.png,)
images\000106_00_tutup.png,)
images\000107_00_tutup.png,)
images\000108_00_tutup.png,)
images\000109_00_tutup.png,)
images\000110_00_tutup.png,)
images\000111_00_tutup.png,)
images\000112_00_tutup.png,)
images\000113_00_tutup.png,)
images\000114_00_tutup.png,)
images\000115_00_tutup.png,)
images\000116_00_tutup.png,)
images\000117_00_tutup.png,)
images\000118_00_tutup.png,)
images\000119_00_tutup.png,)
images\000120_00_tutup.png,)
images\000121_00_tutup.png,)
images\000122_00_tutup.png,)
images\000123_00_tutup.png,)
images\000124_00_tutup.png,)
images\000125_00_tutup.png,)
images\000126_00_tutup.png,)
images\000127_00_tutup.png,)
images\000128_00_tutup.png,)
images\000129_00_tutup.png,)
images\000130_00_tutup.png,)
images\000131_00_tutup.png,)
images\000132_00_tutup.png,)
images\000133_00_tutup.png,)
images\000134_00_tutup.png,)
images\000135_00_tutup.png,)
images\000136_00_tutup.png,)
images\000137_00_tutup.png,)
images\000138_00_tutup.png,)
images\000139_00_tutup.png,)
images\000140_00_tutup.png,)
images\000141_00_tutup.png,)
images\000142_00_tutup.png,)
images\000143_00_tutup.png,)
images\000144_00_tutup.png,)
images\000145_00_tutup.png,)
images\000146_00_tutup.png,)
images\000147_00_tutup.png,)
images\000148_00_tutup.png,)
images\000149_00_tutup.png,)
images\000150_00_tutup.png,)
images\000151_00_tutup.png,)
images\000152_00_tutup.png,)
images\000153_00_tutup.png,)
images\000154_00_tutup.png,)
images\000155_00_tutup.png,)
images\000156_00_tutup.png,)
images\000157_00_tutup.png,)
images\000158_00_tutup.png,)
images\000159_00_tutup.png,)
images\000160_00_tutup.png,)
images\000161_00_tutup.png,)
images\000162_00_tutup.png,)
images\000163_00_tutup.png,)
images\000164_00_tutup.png,)
images\000165_00_tutup.png,)
images\000166_00_tutup.png,)
images\000167_00_tutup.png,)
images\000168_00_tutup.png,)
images\000169_00_tutup.png,)
images\000170_00_tutup.png,)
images\000171_00_tutup.png,)
images\000172_00_tutup.png,)
images\000173_00_tutup.png,)
images\000174_00_tutup.png,)
images\000175_00_tutup.png,)
images\000176_00_tutup.png,)
images\000177_00_tutup.png,)
images\000178_00_tutup.png,)
images\000179_00_tutup.png,)
images\000180_00_tutup.png,)
images\000181_00_tutup.png,)
images\000182_00_tutup.png,)
images\000183_00_tutup.png,)
images\000184_00_tutup.png,)
images\000185_00_tutup.png,)
images\000186_00_tutup.png,)
images\000187_00_tutup.png,)
images\000188_00_tutup.png,)
images\000189_00_tutup.png,)
images\000190_00_tutup.png,)
images\000191_00_tutup.png,)
images\000192_00_tutup.png,)
images\000193_00_tutup.png,)
images\000194_00_tutup.png,)
images\000195_00_tutup.png,)
images\000196_00_tutup.png,)
images\000197_00_tutup.png,)
images\000198_00_tutup.png,)
images\000199_00_tutup.png,)
images\000200_00_plus.png,+
images\000201_00_plus.png,+
images\000202_00_plus.png,+
images\000203_00_plus.png,+
images\000204_00_plus.png,+
images\000205_00_plus.png,+
images\000206_00_plus.png,+
images\000207_00_plus.png,+
images\000208_00_plus.png,+
images\000209_00_plus.png,+
images\000210_00_plus.png,+
images\000211_00_plus.png,+
images\000212_00_plus.png,+
images\000213_00_plus.png,+
images\000214_00_plus.png,+
images\000215_00_plus.png,+
images\000216_00_plus.png,+
images\000217_00_plus.png,+
images\000218_00_plus.png,+
images\000219_00_plus.png,+
images\000220_00_plus.png,+
images\000221_00_plus.png,+
images\000222_00_plus.png,+
images\000223_00_plus.png,+
images\000224_00_plus.png,+
images\000225_00_plus.png,+
images\000226_00_plus.png,+
images\000227_00_plus.png,+
images\000228_00_plus.png,+
images\000229_00_plus.png,+
images\000230_00_plus.png,+
images\000231_00_plus.png,+
images\000232_00_plus.png,+
images\000233_00_plus.png,+
images\000234_00_plus.png,+
images\000235_00_plus.png,+
images\000236_00_plus.png,+
images\000237_00_plus.png,+
images\000238_00_plus.png,+
images\000239_00_plus.png,+
images\000240_00_plus.png,+
images\000241_00_plus.png,+
images\000242_00_plus.png,+
images\000243_00_plus.png,+
images\000244_00_plus.png,+
images\000245_00_plus.png,+
images\000246_00_plus.png,+
images\000247_00_plus.png,+
images\000248_00_plus.png,+
images\000249_00_plus.png,+
images\000250_00_plus.png,+
images\000251_00_plus.png,+
images\000252_00_plus.png,+
images\000253_00_plus.png,+
images\000254_00_plus.png,+
images\000255_00_plus.png,+
images\000256_00_plus.png,+
images\000257_00_plus.png,+
images\000258_00_plus.png,+
images\000259_00_plus.png,+
images\000260_00_plus.png,+
images\000261_00_plus.png,+
images\000262_00_plus.png,+
images\000263_00_plus.png,+
images\000264_00_plus.png,+
images\000265_00_plus.png,+
images\000266_00_plus.png,+
images\000267_00_plus.png,+
images\000268_00_plus.png,+
images\000269_00_plus.png,+
images\000270_00_plus.png,+
images\000271_00_plus.png,+
images\000272_00_plus.png,+
images\000273_00_plus.png,+
images\000274_00_plus.png,+
images\000275_00_plus.png,+
images\000276_00_plus.png,+
images\000277_00_plus.png,+
images\000278_00_plus.png,+
images\000279_00_plus.png,+
images\000280_00_plus.png,+
images\000281_00_plus.png,+
images\000282_00_plus.png,+
images\000283_00_plus.png,+
images\000284_00_plus.png,+
images\000285_00_plus.png,+
images\000286_00_plus.png,+
images\000287_00_plus.png,+
images\000288_00_plus.png,+
images\000289_00_plus.png,+
images\000290_00_plus.png,+
images\000291_00_plus.png,+
images\000292_00_plus.png,+
images\000293_00_plus.png,+
images\000294_00_plus.png,+
images\000295_00_plus.png,+
images\000296_00_plus.png,+
images\000297_00_plus.png,+
images\000298_00_plus.png,+
images\000299_00_plus.png,+
images\000300_00_minus.png,-
images\000301_00_minus.png,-
images\000302_00_minus.png,-
images\000303_00_minus.png,-
images\000304_00_minus.png,-
images\000305_00_minus.png,-
images\000306_00_minus.png,-
images\000307_00_minus.png,-
images\000308_00_minus.png,-
images\000309_00_minus.png,-
images\000310_00_minus.png,-
images\000311_00_minus.png,-
images\000312_00_minus.png,-
images\000313_00_minus.png,-
images\000314_00_minus.png,-
images\000315_00_minus.png,-
images\000316_00_minus.png,-
images\000317_00_minus.png,-
images\000318_00_minus.png,-
images\000319_00_minus.png,-
images\000320_00_minus.png,-
images\000321_00_minus.png,-
images\000322_00_minus.png,-
images\000323_00_minus.png,-
images\000324_00_minus.png,-
images\000325_00_minus.png,-
images\000326_00_minus.png,-
images\000327_00_minus.png,-
images\000328_00_minus.png,-
images\000329_00_minus.png,-
images\000330_00_minus.png,-
images\000331_00_minus.png,-
images\000332_00_minus.png,-
images\000333_00_minus.png,-
images\000334_00_minus.png,-
images\000335_00_minus.png,-
images\000336_00_minus.png,-
images\000337_00_minus.png,-
images\000338_00_minus.png,-
images\000339_00_minus.png,-
images\000340_00_minus.png,-
images\000341_00_minus.png,-
images\000342_00_minus.png,-
images\000343_00_minus.png,-
images\000344_00_minus.png,-
images\000345_00_minus.png,-
images\000346_00_minus.png,-
images\000347_00_minus.png,-
images\000348_00_minus.png,-
images\000349_00_minus.png,-
images\000350_00_minus.png,-
images\000351_00_minus.png,-
images\000352_00_minus.png,-
images\000353_00_minus.png,-
images\000354_00_minus.png,-
images\000355_00_minus.png,-
images\000356_00_minus.png,-
images\000357_00_minus.png,-
images\000358_00_minus.png,-
images\000359_00_minus.png,-
images\000360_00_minus.png,-
images\000361_00_minus.png,-
images\000362_00_minus.png,-
images\000363_00_minus.png,-
images\000364_00_minus.png,-
images\000365_00_minus.png,-
images\000366_00_minus.png,-
images\000367_00_minus.png,-
images\000368_00_minus.png,-
images\000369_00_minus.png,-
images\000370_00_minus.png,-
images\000371_00_minus.png,-
images\000372_00_minus.png,-
images\000373_00_minus.png,-
images\000374_00_minus.png,-
images\000375_00_minus.png,-
images\000376_00_minus.png,-
images\000377_00_minus.png,-
images\000378_00_minus.png,-
images\000379_00_minus.png,-
images\000380_00_minus.png,-
images\000381_00_minus.png,-
images\000382_00_minus.png,-
images\000383_00_minus.png,-
images\000384_00_minus.png,-
images\000385_00_minus.png,-
images\000386_00_minus.png,-
images\000387_00_minus.png,-
images\000388_00_minus.png,-
images\000389_00_minus.png,-
images\000390_00_minus.png,-
images\000391_00_minus.png,-
images\000392_00_minus.png,-
images\000393_00_minus.png,-
images\000394_00_minus.png,-
images\000395_00_minus.png,-
images\000396_00_minus.png,-
images\000397_00_minus.png,-
images\000398_00_minus.png,-
images\000399_00_minus.png,-
images\000400_00_div.png,/
images\000401_00_div.png,/
images\000402_00_div.png,/
images\000403_00_div.png,/
images\000404_00_div.png,/
images\000405_00_div.png,/
images\000406_00_div.png,/
images\000407_00_div.png,/
images\000408_00_div.png,/
images\000409_00_div.png,/
images\000410_00_div.png,/
images\000411_00_div.png,/
images\000412_00_div.png,/
images\000413_00_div.png,/
images\000414_00_div.png,/
images\000415_00_div.png,/
images\000416_00_div.png,/
images\000417_00_div.png,/
images\000418_00_div.png,/
images\000419_00_div.png,/
images\000420_00_div.png,/
images\000421_00_div.png,/
images\000422_00_div.png,/
images\000423_00_div.png,/
images\000424_00_div.png,/
images\000425_00_div.png,/
images\000426_00_div.png,/
images\000427_00_div.png,/
images\000428_00_div.png,/
images\000429_00_div.png,/
images\000430_00_div.png,/
images\000431_00_div.png,/
images\000432_00_div.png,/
images\000433_00_div.png,/
images\000434_00_div.png,/
images\000435_00_div.png,/
images\000436_00_div.png,/
images\000437_00_div.png,/
images\000438_00_div.png,/
images\000439_00_div.png,/
images\000440_00_div.png,/
images\000441_00_div.png,/
images\000442_00_div.png,/
images\000443_00_div.png,/
images\000444_00_div.png,/
images\000445_00_div.png,/
images\000446_00_div.png,/
images\000447_00_div.png,/
images\000448_00_div.png,/
images\000449_00_div.png,/
images\000450_00_div.png,/
images\000451_00_div.png,/
images\000452_00_div.png,/
images\000453_00_div.png,/
images\000454_00_div.png,/
images\000455_00_div.png,/
images\000456_00_div.png,/
images\000457_00_div.png,/
images\000458_00_div.png,/
images\000459_00_div.png,/
images\000460_00_div.png,/
images\000461_00_div.png,/
images\000462_00_div.png,/
images\000463_00_div.png,/
images\000464_00_div.png,/
images\000465_00_div.png,/
images\000466_00_div.png,/
images\000467_00_div.png,/
images\000468_00_div.png,/
images\000469_00_div.png,/
images\000470_00_div.png,/
images\000471_00_div.png,/
images\000472_00_div.png,/
images\000473_00_div.png,/
images\000474_00_div.png,/
images\000475_00_div.png,/
images\000476_00_div.png,/
images\000477_00_div.png,/
images\000478_00_div.png,/
images\000479_00_div.png,/
images\000480_00_div.png,/
images\000481_00_div.png,/
images\000482_00_div.png,/
images\000483_00_div.png,/
images\000484_00_div.png,/
images\000485_00_div.png,/
images\000486_00_div.png,/
images\000487_00_div.png,/
images\000488_00_div.png,/
images\000489_00_div.png,/
images\000490_00_div.png,/
images\000491_00_div.png,/
images\000492_00_div.png,/
images\000493_00_div.png,/
images\000494_00_div.png,/
images\000495_00_div.png,/
images\000496_00_div.png,/
images\000497_00_div.png,/
images\000498_00_div.png,/
images\000499_00_div.png,/
images\000500_00_0.png,0
images\000501_00_0.png,0
images\000502_00_0.png,0
images\000503_00_0.png,0
images\000504_00_0.png,0
images\000505_00_0.png,0
images\000506_00_0.png,0
images\000507_00_0.png,0
images\000508_00_0.png,0
images\000509_00_0.png,0
images\000510_00_0.png,0
images\000511_00_0.png,0
images\000512_00_0.png,0
images\000513_00_0.png,0
images\000514_00_0.png,0
images\000515_00_0.png,0
images\000516_00_0.png,0
images\000517_00_0.png,0
images\000518_00_0.png,0
images\000519_00_0.png,0
images\000520_00_0.png,0
images\000521_00_0.png,0
images\000522_00_0.png,0
images\000523_00_0.png,0
images\000524_00_0.png,0
images\000525_00_0.png,0
images\000526_00_0.png,0
images\000527_00_0.png,0
images\000528_00_0.png,0
images\000529_00_0.png,0
images\000530_00_0.png,0
images\000531_00_0.png,0
images\000532_00_0.png,0
images\000533_00_0.png,0
images\000534_00_0.png,0
images\000535_00_0.png,0
images\000536_00_0.png,0
images\000537_00_0.png,0
images\000538_00_0.png,0
images\000539_00_0.png,0
images\000540_00_0.png,0
images\000541_00_0.png,0
images\000542_00_0.png,0
images\000543_00_0.png,0
images\000544_00_0.png,0
images\000545_00_0.png,0
images\000546_00_0.png,0
images\000547_00_0.png,0
images\000548_00_0.png,0
images\000549_00_0.png,0
images\000550_00_0.png,0
images\000551_00_0.png,0
images\000552_00_0.png,0
images\000553_00_0.png,0
images\000554_00_0.png,0
images\000555_00_0.png,0
images\000556_00_0.png,0
images\000557_00_0.png,0
images\000558_00_0.png,0
images\000559_00_0.png,0
images\000560_00_0.png,0
images\000561_00_0.png,0
images\000562_00_0.png,0
images\000563_00_0.png,0
images\000564_00_0.png,0
images\000565_00_0.png,0
images\000566_00_0.png,0
images\000567_00_0.png,0
images\000568_00_0.png,0
images\000569_00_0.png,0
images\000570_00_0.png,0
images\000571_00_0.png,0
images\000572_00_0.png,0
images\000573_00_0.png,0
images\000574_00_0.png,0
images\000575_00_0.png,0
images\000576_00_0.png,0
images\000577_00_0.png,0
images\000578_00_0.png,0
images\000579_00_0.png,0
images\000580_00_0.png,0
images\000581_00_0.png,0
images\000582_00_0.png,0
images\000583_00_0.png,0
images\000584_00_0.png,0
images\000585_00_0.png,0
images\000586_00_0.png,0
images\000587_00_0.png,0
images\000588_00_0.png,0
images\000589_00_0.png,0
images\000590_00_0.png,0
images\000591_00_0.png,0
images\000592_00_0.png,0
images\000593_00_0.png,0
images\000594_00_0.png,0
images\000595_00_0.png,0
images\000596_00_0.png,0
images\000597_00_0.png,0
images\000598_00_0.png,0
images\000599_00_0.png,0
images\000600_00_1.png,1
images\000601_00_1.png,1
images\000602_00_1.png,1
images\000603_00_1.png,1
images\000604_00_1.png,1
images\000605_00_1.png,1
images\000606_00_1.png,1
images\000607_00_1.png,1
images\000608_00_1.png,1
images\000609_00_1.png,1
images\000610_00_1.png,1
images\000611_00_1.png,1
images\000612_00_1.png,1
images\000613_00_1.png,1
images\000614_00_1.png,1
images\000615_00_1.png,1
images\000616_00_1.png,1
images\000617_00_1.png,1
images\000618_00_1.png,1
images\000619_00_1.png,1
images\000620_00_1.png,1
images\000621_00_1.png,1
images\000622_00_1.png,1
images\000623_00_1.png,1
images\000624_00_1.png,1
images\000625_00_1.png,1
images\000626_00_1.png,1
images\000627_00_1.png,1
images\000628_00_1.png,1
images\000629_00_1.png,1
images\000630_00_1.png,1
images\000631_00_1.png,1
images\000632_00_1.png,1
images\000633_00_1.png,1
images\000634_00_1.png,1
images\000635_00_1.png,1
images\000636_00_1.png,1
images\000637_00_1.png,1
images\000638_00_1.png,1
images\000639_00_1.png,1
images\000640_00_1.png,1
images\000641_00_1.png,1
images\000642_00_1.png,1
images\000643_00_1.png,1
images\000644_00_1.png,1
images\000645_00_1.png,1
images\000646_00_1.png,1
images\000647_00_1.png,1
images\000648_00_1.png,1
images\000649_00_1.png,1
images\000650_00_1.png,1
images\000651_00_1.png,1
images\000652_00_1.png,1
images\000653_00_1.png,1
images\000654_00_1.png,1
images\000655_00_1.png,1
images\000656_00_1.png,1
images\000657_00_1.png,1
images\000658_00_1.png,1
images\000659_00_1.png,1
images\000660_00_1.png,1
images\000661_00_1.png,1
images\000662_00_1.png,1
images\000663_00_1.png,1
images\000664_00_1.png,1
images\000665_00_1.png,1
images\000666_00_1.png,1
images\000667_00_1.png,1
images\000668_00_1.png,1
images\000669_00_1.png,1
images\000670_00_1.png,1
images\000671_00_1.png,1
images\000672_00_1.png,1
images\000673_00_1.png,1
images\000674_00_1.png,1
images\000675_00_1.png,1
images\000676_00_1.png,1
images\000677_00_1.png,1
images\000678_00_1.png,1
images\000679_00_1.png,1
images\000680_00_1.png,1
images\000681_00_1.png,1
images\000682_00_1.png,1
images\000683_00_1.png,1
images\000684_00_1.png,1
images\000685_00_1.png,1
images\000686_00_1.png,1
images\000687_00_1.png,1
images\000688_00_1.png,1
images\000689_00_1.png,1
images\000690_00_1.png,1
images\000691_00_1.png,1
images\000692_00_1.png,1
images\000693_00_1.png,1
images\000694_00_1.png,1
images\000695_00_1.png,1
images\000696_00_1.png,1
images\000697_00_1.png,1
images\000698_00_1.png,1
images\000699_00_1.png,1
images\000700_00_2.png,2
images\000701_00_2.png,2
images\000702_00_2.png,2
images\000703_00_2.png,2
images\000704_00_2.png,2
images\000705_00_2.png,2
images\000706_00_2.png,2
images\000707_00_2.png,2
images\000708_00_2.png,2
images\000709_00_2.png,2
images\000710_00_2.png,2
images\000711_00_2.png,2
images\000712_00_2.png,2
images\000713_00_2.png,2
images\000714_00_2.png,2
images\000715_00_2.png,2
images\000716_00_2.png,2
images\000717_00_2.png,2
images\000718_00_2.png,2
images\000719_00_2.png,2
images\000720_00_2.png,2
images\000721_00_2.png,2
images\000722_00_2.png,2
images\000723_00_2.png,2
images\000724_00_2.png,2
images\000725_00_2.png,2
images\000726_00_2.png,2
images\000727_00_2.png,2
images\000728_00_2.png,2
images\000729_00_2.png,2
images\000730_00_2.png,2
images\000731_00_2.png,2
images\000732_00_2.png,2
images\000733_00_2.png,2
images\000734_00_2.png,2
images\000735_00_2.png,2
images\000736_00_2.png,2
images\000737_00_2.png,2
images\000738_00_2.png,2
images\000739_00_2.png,2
images\000740_00_2.png,2
images\000741_00_2.png,2
images\000742_00_2.png,2
images\000743_00_2.png,2
images\000744_00_2.png,2
images\000745_00_2.png,2
images\000746_00_2.png,2
images\000747_00_2.png,2
images\000748_00_2.png,2
images\000749_00_2.png,2
images\000750_00_2.png,2
images\000751_00_2.png,2
images\000752_00_2.png,2
images\000753_00_2.png,2
images\000754_00_2.png,2
images\000755_00_2.png,2
images\000756_00_2.png,2
images\000757_00_2.png,2
images\000758_00_2.png,2
images\000759_00_2.png,2
images\000760_00_2.png,2
images\000761_00_2.png,2
images\000762_00_2.png,2
images\000763_00_2.png,2
images\000764_00_2.png,2
images\000765_00_2.png,2
images\000766_00_2.png,2
images\000767_00_2.png,2
images\000768_00_2.png,2
images\000769_00_2.png,2
images\000770_00_2.png,2
images\000771_00_2.png,2
images\000772_00_2.png,2
images\000773_00_2.png,2
images\000774_00_2.png,2
images\000775_00_2.png,2
images\000776_00_2.png,2
images\000777_00_2.png,2
images\000778_00_2.png,2
images\000779_00_2.png,2
images\000780_00_2.png,2
images\000781_00_2.png,2
images\000782_00_2.png,2
images\000783_00_2.png,2
images\000784_00_2.png,2
images\000785_00_2.png,2
images\000786_00_2.png,2
images\000787_00_2.png,2
images\000788_00_2.png,2
images\000789_00_2.png,2
images\000790_00_2.png,2
images\000791_00_2.png,2
images\000792_00_2.png,2
images\000793_00_2.png,2
images\000794_00_2.png,2
images\000795_00_2.png,2
images\000796_00_2.png,2
images\000797_00_2.png,2
images\000798_00_2.png,2
images\000799_00_2.png,2
images\000800_00_3.png,3
images\000801_00_3.png,3
images\000802_00_3.png,3
images\000803_00_3.png,3
images\000804_00_3.png,3
images\000805_00_3.png,3
images\000806_00_3.png,3
images\000807_00_3.png,3
images\000808_00_3.png,3
images\000809_00_3.png,3
images\000810_00_3.png,3
images\000811_00_3.png,3
images\000812_00_3.png,3
images\000813_00_3.png,3
images\000814_00_3.png,3
images\000815_00_3.png,3
images\000816_00_3.png,3
images\000817_00_3.png,3
images\000818_00_3.png,3
images\000819_00_3.png,3
images\000820_00_3.png,3
images\000821_00_3.png,3
images\000822_00_3.png,3
images\000823_00_3.png,3
images\000824_00_3.png,3
images\000825_00_3.png,3
images\000826_00_3.png,3
images\000827_00_3.png,3
images\000828_00_3.png,3
images\000829_00_3.png,3
images\000830_00_3.png,3
images\000831_00_3.png,3
images\000832_00_3.png,3
images\000833_00_3.png,3
images\000834_00_3.png,3
images\000835_00_3.png,3
images\000836_00_3.png,3
images\000837_00_3.png,3
images\000838_00_3.png,3
images\000839_00_3.png,3
images\000840_00_3.png,3
images\000841_00_3.png,3
images\000842_00_3.png,3
images\000843_00_3.png,3
images\000844_00_3.png,3
images\000845_00_3.png,3
images\000846_00_3.png,3
images\000847_00_3.png,3
images\000848_00_3.png,3
images\000849_00_3.png,3
images\000850_00_3.png,3
images\000851_00_3.png,3
images\000852_00_3.png,3
images\000853_00_3.png,3
images\000854_00_3.png,3
images\000855_00_3.png,3
images\000856_00_3.png,3
images\000857_00_3.png,3
images\000858_00_3.png,3
images\000859_00_3.png,3
images\000860_00_3.png,3
images\000861_00_3.png,3
images\000862_00_3.png,3
images\000863_00_3.png,3
images\000864_00_3.png,3
images\000865_00_3.png,3
images\000866_00_3.png,3
images\000867_00_3.png,3
images\000868_00_3.png,3
images\000869_00_3.png,3
images\000870_00_3.png,3
images\000871_00_3.png,3
images\000872_00_3.png,3
images\000873_00_3.png,3
images\000874_00_3.png,3
images\000875_00_3.png,3
images\000876_00_3.png,3
images\000877_00_3.png,3
images\000878_00_3.png,3
images\000879_00_3.png,3
images\000880_00_3.png,3
images\000881_00_3.png,3
images\000882_00_3.png,3
images\000883_00_3.png,3
images\000884_00_3.png,3
images\000885_00_3.png,3
images\000886_00_3.png,3
images\000887_00_3.png,3
images\000888_00_3.png,3
images\000889_00_3.png,3
images\000890_00_3.png,3
images\000891_00_3.png,3
images\000892_00_3.png,3
images\000893_00_3.png,3
images\000894_00_3.png,3
images\000895_00_3.png,3
images\000896_00_3.png,3
images\000897_00_3.png,3
images\000898_00_3.png,3
images\000899_00_3.png,3
images\000900_00_4.png,4
images\000901_00_4.png,4
images\000902_00_4.png,4
images\000903_00_4.png,4
images\000904_00_4.png,4
images\000905_00_4.png,4
images\000906_00_4.png,4
images\000907_00_4.png,4
images\000908_00_4.png,4
images\000909_00_4.png,4
images\000910_00_4.png,4
images\000911_00_4.png,4
images\000912_00_4.png,4
images\000913_00_4.png,4
images\000914_00_4.png,4
images\000915_00_4.png,4
images\000916_00_4.png,4
images\000917_00_4.png,4
images\000918_00_4.png,4
images\000919_00_4.png,4
images\000920_00_4.png,4
images\000921_00_4.png,4
images\000922_00_4.png,4
images\000923_00_4.png,4
images\000924_00_4.png,4
images\000925_00_4.png,4
images\000926_00_4.png,4
images\000927_00_4.png,4
images\000928_00_4.png,4
images\000929_00_4.png,4
images\000930_00_4.png,4
images\000931_00_4.png,4
images\000932_00_4.png,4
images\000933_00_4.png,4
images\000934_00_4.png,4
images\000935_00_4.png,4
images\000936_00_4.png,4
images\000937_00_4.png,4
images\000938_00_4.png,4
images\000939_00_4.png,4
images\000940_00_4.png,4
images\000941_00_4.png,4
images\000942_00_4.png,4
images\000943_00_4.png,4
images\000944_00_4.png,4
images\000945_00_4.png,4
images\000946_00_4.png,4
images\000947_00_4.png,4
images\000948_00_4.png,4
images\000949_00_4.png,4
images\000950_00_4.png,4
images\000951_00_4.png,4
images\000952_00_4.png,4
images\000953_00_4.png,4
images\000954_00_4.png,4
images\000955_00_4.png,4
images\000956_00_4.png,4
images\000957_00_4.png,4
images\000958_00_4.png,4
images\000959_00_4.png,4
images\000960_00_4.png,4
images\000961_00_4.png,4
images\000962_00_4.png,4
images\000963_00_4.png,4
images\000964_00_4.png,4
images\000965_00_4.png,4
images\000966_00_4.png,4
images\000967_00_4.png,4
images\000968_00_4.png,4
images\000969_00_4.png,4
images\000970_00_4.png,4
images\000971_00_4.png,4
images\000972_00_4.png,4
images\000973_00_4.png,4
images\000974_00_4.png,4
images\000975_00_4.png,4
images\000976_00_4.png,4
images\000977_00_4.png,4
images\000978_00_4.png,4
images\000979_00_4.png,4
images\000980_00_4.png,4
images\000981_00_4.png,4
images\000982_00_4.png,4
images\000983_00_4.png,4
images\000984_00_4.png,4
images\000985_00_4.png,4
images\000986_00_4.png,4
images\000987_00_4.png,4
images\000988_00_4.png,4
images\000989_00_4.png,4
images\000990_00_4.png,4
images\000991_00_4.png,4
images\000992_00_4.png,4
images\000993_00_4.png,4
images\000994_00_4.png,4
images\000995_00_4.png,4
images\000996_00_4.png,4
images\000997_00_4.png,4
images\000998_00_4.png,4
images\000999_00_4.png,4
images\001000_00_5.png,5
images\001001_00_5.png,5
images\001002_00_5.png,5
images\001003_00_5.png,5
images\001004_00_5.png,5
images\001005_00_5.png,5
images\001006_00_5.png,5
images\001007_00_5.png,5
images\001008_00_5.png,5
images\001009_00_5.png,5
images\001010_00_5.png,5
images\001011_00_5.png,5
images\001012_00_5.png,5
images\001013_00_5.png,5
images\001014_00_5.png,5
images\001015_00_5.png,5
images\001016_00_5.png,5
images\001017_00_5.png,5
images\001018_00_5.png,5
images\001019_00_5.png,5
images\001020_00_5.png,5
images\001021_00_5.png,5
images\001022_00_5.png,5
images\001023_00_5.png,5
images\001024_00_5.png,5
images\001025_00_5.png,5
images\001026_00_5.png,5
images\001027_00_5.png,5
images\001028_00_5.png,5
images\001029_00_5.png,5
images\001030_00_5.png,5
images\001031_00_5.png,5
images\001032_00_5.png,5
images\001033_00_5.png,5
images\001034_00_5.png,5
images\001035_00_5.png,5
images\001036_00_5.png,5
images\001037_00_5.png,5
images\001038_00_5.png,5
images\001039_00_5.png,5
images\001040_00_5.png,5
images\001041_00_5.png,5
images\001042_00_5.png,5
images\001043_00_5.png,5
images\001044_00_5.png,5
images\001045_00_5.png,5
images\001046_00_5.png,5
images\001047_00_5.png,5
images\001048_00_5.png,5
images\001049_00_5.png,5
images\001050_00_5.png,5
images\001051_00_5.png,5
images\001052_00_5.png,5
images\001053_00_5.png,5
images\001054_00_5.png,5
images\001055_00_5.png,5
images\001056_00_5.png,5
images\001057_00_5.png,5
images\001058_00_5.png,5
images\001059_00_5.png,5
images\001060_00_5.png,5
images\001061_00_5.png,5
images\001062_00_5.png,5
images\001063_00_5.png,5
images\001064_00_5.png,5
images\001065_00_5.png,5
images\001066_00_5.png,5
images\001067_00_5.png,5
images\001068_00_5.png,5
images\001069_00_5.png,5
images\001070_00_5.png,5
images\001071_00_5.png,5
images\001072_00_5.png,5
images\001073_00_5.png,5
images\001074_00_5.png,5
images\001075_00_5.png,5
images\001076_00_5.png,5
images\001077_00_5.png,5
images\001078_00_5.png,5
images\001079_00_5.png,5
images\001080_00_5.png,5
images\001081_00_5.png,5
images\001082_00_5.png,5
images\001083_00_5.png,5
images\001084_00_5.png,5
images\001085_00_5.png,5
images\001086_00_5.png,5
images\001087_00_5.png,5
images\001088_00_5.png,5
images\001089_00_5.png,5
images\001090_00_5.png,5
images\001091_00_5.png,5
images\001092_00_5.png,5
images\001093_00_5.png,5
images\001094_00_5.png,5
images\001095_00_5.png,5
images\001096_00_5.png,5
images\001097_00_5.png,5
images\001098_00_5.png,5
images\001099_00_5.png,5
images\001100_00_6.png,6
images\001101_00_6.png,6
images\001102_00_6.png,6
images\001103_00_6.png,6
images\001104_00_6.png,6
images\001105_00_6.png,6
images\001106_00_6.png,6
images\001107_00_6.png,6
images\001108_00_6.png,6
images\001109_00_6.png,6
images\001110_00_6.png,6
images\001111_00_6.png,6
images\001112_00_6.png,6
images\001113_00_6.png,6
images\001114_00_6.png,6
images\001115_00_6.png,6
images\001116_00_6.png,6
images\001117_00_6.png,6
images\001118_00_6.png,6
images\001119_00_6.png,6
images\001120_00_6.png,6
images\001121_00_6.png,6
images\001122_00_6.png,6
images\001123_00_6.png,6
images\001124_00_6.png,6
images\001125_00_6.png,6
images\001126_00_6.png,6
images\001127_00_6.png,6
images\001128_00_6.png,6
images\001129_00_6.png,6
images\001130_00_6.png,6
images\001131_00_6.png,6
images\001132_00_6.png,6
images\001133_00_6.png,6
images\001134_00_6.png,6
images\001135_00_6.png,6
images\001136_00_6.png,6
images\001137_00_6.png,6
images\001138_00_6.png,6
images\001139_00_6.png,6
images\001140_00_6.png,6
images\001141_00_6.png,6
images\001142_00_6.png,6
images\001143_00_6.png,6
images\001144_00_6.png,6
images\001145_00_6.png,6
images\001146_00_6.png,6
images\001147_00_6.png,6
images\001148_00_6.png,6
images\001149_00_6.png,6
images\001150_00_6.png,6
images\001151_00_6.png,6
images\001152_00_6.png,6
images\001153_00_6.png,6
images\001154_00_6.png,6
images\001155_00_6.png,6
images\001156_00_6.png,6
images\001157_00_6.png,6
images\001158_00_6.png,6
images\001159_00_6.png,6
images\001160_00_6.png,6
images\001161_00_6.png,6
images\001162_00_6.png,6
images\001163_00_6.png,6
images\001164_00_6.png,6
images\001165_00_6.png,6
images\001166_00_6.png,6
images\001167_00_6.png,6
images\001168_00_6.png,6
images\001169_00_6.png,6
images\001170_00_6.png,6
images\001171_00_6.png,6
images\001172_00_6.png,6
images\001173_00_6.png,6
images\001174_00_6.png,6
images\001175_00_6.png,6
images\001176_00_6.png,6
images\001177_00_6.png,6
images\001178_00_6.png,6
images\001179_00_6.png,6
images\001180_00_6.png,6
images\001181_00_6.png,6
images\001182_00_6.png,6
images\001183_00_6.png,6
images\001184_00_6.png,6
images\001185_00_6.png,6
images\001186_00_6.png,6
images\001187_00_6.png,6
images\001188_00_6.png,6
images\001189_00_6.png,6
images\001190_00_6.png,6
images\001191_00_6.png,6
images\001192_00_6.png,6
images\001193_00_6.png,6
images\001194_00_6.png,6
images\001195_00_6.png,6
images\001196_00_6.png,6
images\001197_00_6.png,6
images\001198_00_6.png,6
images\001199_00_6.png,6
images\001200_00_7.png,7
images\001201_00_7.png,7
images\001202_00_7.png,7
images\001203_00_7.png,7
images\001204_00_7.png,7
images\001205_00_7.png,7
images\001206_00_7.png,7
images\001207_00_7.png,7
images\001208_00_7.png,7
images\001209_00_7.png,7
images\001210_00_7.png,7
images\001211_00_7.png,7
images\001212_00_7.png,7
images\001213_00_7.png,7
images\001214_00_7.png,7
images\001215_00_7.png,7
images\001216_00_7.png,7
images\001217_00_7.png,7
images\001218_00_7.png,7
images\001219_00_7.png,7
images\001220_00_7.png,7
images\001221_00_7.png,7
images\001222_00_7.png,7
images\001223_00_7.png,7
images\001224_00_7.png,7
images\001225_00_7.png,7
images\001226_00_7.png,7
images\001227_00_7.png,7
images\001228_00_7.png,7
images\001229_00_7.png,7
images\001230_00_7.png,7
images\001231_00_7.png,7
images\001232_00_7.png,7
images\001233_00_7.png,7
images\001234_00_7.png,7
images\001235_00_7.png,7
images\001236_00_7.png,7
images\001237_00_7.png,7
images\001238_00_7.png,7
images\001239_00_7.png,7
images\001240_00_7.png,7
images\001241_00_7.png,7
images\001242_00_7.png,7
images\001243_00_7.png,7
images\001244_00_7.png,7
images\001245_00_7.png,7
images\001246_00_7.png,7
images\001247_00_7.png,7
images\001248_00_7.png,7
images\001249_00_7.png,7
images\001250_00_7.png,7
images\001251_00_7.png,7
images\001252_00_7.png,7
images\001253_00_7.png,7
images\001254_00_7.png,7
images\001255_00_7.png,7
images\001256_00_7.png,7
images\001257_00_7.png,7
images\001258_00_7.png,7
images\001259_00_7.png,7
images\001260_00_7.png,7
images\001261_00_7.png,7
images\001262_00_7.png,7
images\001263_00_7.png,7
images\001264_00_7.png,7
images\001265_00_7.png,7
images\001266_00_7.png,7
images\001267_00_7.png,7
images\001268_00_7.png,7
images\001269_00_7.png,7
images\001270_00_7.png,7
images\001271_00_7.png,7
images\001272_00_7.png,7
images\001273_00_7.png,7
images\001274_00_7.png,7
images\001275_00_7.png,7
images\001276_00_7.png,7
images\001277_00_7.png,7
images\001278_00_7.png,7
images\001279_00_7.png,7
images\001280_00_7.png,7
images\001281_00_7.png,7
images\001282_00_7.png,7
images\001283_00_7.png,7
images\001284_00_7.png,7
images\001285_00_7.png,7
images\001286_00_7.png,7
images\001287_00_7.png,7
images\001288_00_7.png,7
images\001289_00_7.png,7
images\001290_00_7.png,7
images\001291_00_7.png,7
images\001292_00_7.png,7
images\001293_00_7.png,7
images\001294_00_7.png,7
images\001295_00_7.png,7
images\001296_00_7.png,7
images\001297_00_7.png,7
images\001298_00_7.png,7
images\001299_00_7.png,7
images\001300_00_8.png,8
images\001301_00_8.png,8
images\001302_00_8.png,8
images\001303_00_8.png,8
images\001304_00_8.png,8
images\001305_00_8.png,8
images\001306_00_8.png,8
images\001307_00_8.png,8
images\001308_00_8.png,8
images\001309_00_8.png,8
images\001310_00_8.png,8
images\001311_00_8.png,8
images\001312_00_8.png,8
images\001313_00_8.png,8
images\001314_00_8.png,8
images\001315_00_8.png,8
images\001316_00_8.png,8
images\001317_00_8.png,8
images\001318_00_8.png,8
images\001319_00_8.png,8
images\001320_00_8.png,8
images\001321_00_8.png,8
images\001322_00_8.png,8
images\001323_00_8.png,8
images\001324_00_8.png,8
images\001325_00_8.png,8
images\001326_00_8.png,8
images\001327_00_8.png,8
images\001328_00_8.png,8
images\001329_00_8.png,8
images\001330_00_8.png,8
images\001331_00_8.png,8
images\001332_00_8.png,8
images\001333_00_8.png,8
images\001334_00_8.png,8
images\001335_00_8.png,8
images\001336_00_8.png,8
images\001337_00_8.png,8
images\001338_00_8.png,8
images\001339_00_8.png,8
images\001340_00_8.png,8
images\001341_00_8.png,8
images\001342_00_8.png,8
images\001343_00_8.png,8
images\001344_00_8.png,8
images\001345_00_8.png,8
images\001346_00_8.png,8
images\001347_00_8.png,8
images\001348_00_8.png,8
images\001349_00_8.png,8
images\001350_00_8.png,8
images\001351_00_8.png,8
images\001352_00_8.png,8
images\001353_00_8.png,8
images\001354_00_8.png,8
images\001355_00_8.png,8
images\001356_00_8.png,8
images\001357_00_8.png,8
images\001358_00_8.png,8
images\001359_00_8.png,8
images\001360_00_8.png,8
images\001361_00_8.png,8
images\001362_00_8.png,8
images\001363_00_8.png,8
images\001364_00_8.png,8
images\001365_00_8.png,8
images\001366_00_8.png,8
images\001367_00_8.png,8
images\001368_00_8.png,8
images\001369_00_8.png,8
images\001370_00_8.png,8
images\001371_00_8.png,8
images\001372_00_8.png,8
images\001373_00_8.png,8
images\001374_00_8.png,8
images\001375_00_8.png,8
images\001376_00_8.png,8
images\001377_00_8.png,8
images\001378_00_8.png,8
images\001379_00_8.png,8
images\001380_00_8.png,8
images\001381_00_8.png,8
images\001382_00_8.png,8
images\001383_00_8.png,8
images\001384_00_8.png,8
images\001385_00_8.png,8
images\001386_00_8.png,8
images\001387_00_8.png,8
images\001388_00_8.png,8
images\001389_00_8.png,8
images\001390_00_8.png,8
images\001391_00_8.png,8
images\001392_00_8.png,8
images\001393_00_8.png,8
images\001394_00_8.png,8
images\001395_00_8.png,8
images\001396_00_8.png,8
images\001397_00_8.png,8
images\001398_00_8.png,8
images\001399_00_8.png,8
images\001400_00_9.png,9
images\001401_00_9.png,9
images\001402_00_9.png,9
images\001403_00_9.png,9
images\001404_00_9.png,9
images\001405_00_9.png,9
images\001406_00_9.png,9
images\001407_00_9.png,9
images\001408_00_9.png,9
images\001409_00_9.png,9
images\001410_00_9.png,9
images\001411_00_9.png,9
images\001412_00_9.png,9
images\001413_00_9.png,9
images\001414_00_9.png,9
images\001415_00_9.png,9
images\001416_00_9.png,9
images\001417_00_9.png,9
images\001418_00_9.png,9
images\001419_00_9.png,9
images\001420_00_9.png,9
images\001421_00_9.png,9
images\001422_00_9.png,9
images\001423_00_9.png,9
images\001424_00_9.png,9
images\001425_00_9.png,9
images\001426_00_9.png,9
images\001427_00_9.png,9
images\001428_00_9.png,9
images\001429_00_9.png,9
images\001430_00_9.png,9
images\001431_00_9.png,9
images\001432_00_9.png,9
images\001433_00_9.png,9
images\001434_00_9.png,9
images\001435_00_9.png,9
images\001436_00_9.png,9
images\001437_00_9.png,9
images\001438_00_9.png,9
images\001439_00_9.png,9
images\001440_00_9.png,9
images\001441_00_9.png,9
images\001442_00_9.png,9
images\001443_00_9.png,9
images\001444_00_9.png,9
images\001445_00_9.png,9
images\001446_00_9.png,9
images\001447_00_9.png,9
images\001448_00_9.png,9
images\001449_00_9.png,9
images\001450_00_9.png,9
images\001451_00_9.png,9
images\001452_00_9.png,9
images\001453_00_9.png,9
images\001454_00_9.png,9
images\001455_00_9.png,9
images\001456_00_9.png,9
images\001457_00_9.png,9
images\001458_00_9.png,9
images\001459_00_9.png,9
images\001460_00_9.png,9
images\001461_00_9.png,9
images\001462_00_9.png,9
images\001463_00_9.png,9
images\001464_00_9.png,9
images\001465_00_9.png,9
images\001466_00_9.png,9
images\001467_00_9.png,9
images\001468_00_9.png,9
images\001469_00_9.png,9
images\001470_00_9.png,9
images\001471_00_9.png,9
images\001472_00_9.png,9
images\001473_00_9.png,9
images\001474_00_9.png,9
images\001475_00_9.png,9
images\001476_00_9.png,9
images\001477_00_9.png,9
images\001478_00_9.png,9
images\001479_00_9.png,9
images\001480_00_9.png,9
images\001481_00_9.png,9
images\001482_00_9.png,9
images\001483_00_9.png,9
images\001484_00_9.png,9
images\001485_00_9.png,9
images\001486_00_9.png,9
images\001487_00_9.png,9
images\001488_00_9.png,9
images\001489_00_9.png,9
images\001490_00_9.png,9
images\001491_00_9.png,9
images\001492_00_9.png,9
images\001493_00_9.png,9
images\001494_00_9.png,9
images\001495_00_9.png,9
images\001496_00_9.png,9
images\001497_00_9.png,9
images\001498_00_9.png,9
images\001499_00_9.png,9
images\001500_00_eq.png,=
images\001501_00_eq.png,=
images\001502_00_eq.png,=
images\001503_00_eq.png,=
images\001504_00_eq.png,=
images\001505_00_eq.png,=
images\001506_00_eq.png,=
images\001507_00_eq.png,=
images\001508_00_eq.png,=
images\001509_00_eq.png,=
images\001510_00_eq.png,=
images\001511_00_eq.png,=
images\001512_00_eq.png,=
images\001513_00_eq.png,=
images\001514_00_eq.png,=
images\001515_00_eq.png,=
images\001516_00_eq.png,=
images\001517_00_eq.png,=
images\001518_00_eq.png,=
images\001519_00_eq.png,=
images\001520_00_eq.png,=
images\001521_00_eq.png,=
images\001522_00_eq.png,=
images\001523_00_eq.png,=
images\001524_00_eq.png,=
images\001525_00_eq.png,=
images\001526_00_eq.png,=
images\001527_00_eq.png,=
images\001528_00_eq.png,=
images\001529_00_eq.png,=
images\001530_00_eq.png,=
images\001531_00_eq.png,=
images\001532_00_eq.png,=
images\001533_00_eq.png,=
images\001534_00_eq.png,=
images\001535_00_eq.png,=
images\001536_00_eq.png,=
images\001537_00_eq.png,=
images\001538_00_eq.png,=
images\001539_00_eq.png,=
images\001540_00_eq.png,=
images\001541_00_eq.png,=
images\001542_00_eq.png,=
images\001543_00_eq.png,=
images\001544_00_eq.png,=
images\001545_00_eq.png,=
images\001546_00_eq.png,=
images\001547_00_eq.png,=
images\001548_00_eq.png,=
images\001549_00_eq.png,=
images\001550_00_eq.png,=
images\001551_00_eq.png,=
images\001552_00_eq.png,=
images\001553_00_eq.png,=
images\001554_00_eq.png,=
images\001555_00_eq.png,=
images\001556_00_eq.png,=
images\001557_00_eq.png,=
images\001558_00_eq.png,=
images\001559_00_eq.png,=
images\001560_00_eq.png,=
images\001561_00_eq.png,=
images\001562_00_eq.png,=
images\001563_00_eq.png,=
images\001564_00_eq.png,=
images\001565_00_eq.png,=
images\001566_00_eq.png,=
images\001567_00_eq.png,=
images\001568_00_eq.png,=
images\001569_00_eq.png,=
images\001570_00_eq.png,=
images\001571_00_eq.png,=
images\001572_00_eq.png,=
images\001573_00_eq.png,=
images\001574_00_eq.png,=
images\001575_00_eq.png,=
images\001576_00_eq.png,=
images\001577_00_eq.png,=
images\001578_00_eq.png,=
images\001579_00_eq.png,=
images\001580_00_eq.png,=
images\001581_00_eq.png,=
images\001582_00_eq.png,=
images\001583_00_eq.png,=
images\001584_00_eq.png,=
images\001585_00_eq.png,=
images\001586_00_eq.png,=
images\001587_00_eq.png,=
images\001588_00_eq.png,=
images\001589_00_eq.png,=
images\001590_00_eq.png,=
images\001591_00_eq.png,=
images\001592_00_eq.png,=
images\001593_00_eq.png,=
images\001594_00_eq.png,=
images\001595_00_eq.png,=
images\001596_00_eq.png,=
images\001597_00_eq.png,=
images\001598_00_eq.png,=
images\001599_00_eq.png,=
images\001600_00_a.png,a
images\001601_00_a.png,a
images\001602_00_a.png,a
images\001603_00_a.png,a
images\001604_00_a.png,a
images\001605_00_a.png,a
images\001606_00_a.png,a
images\001607_00_a.png,a
images\001608_00_a.png,a
images\001609_00_a.png,a
images\001610_00_a.png,a
images\001611_00_a.png,a
images\001612_00_a.png,a
images\001613_00_a.png,a
images\001614_00_a.png,a
images\001615_00_a.png,a
images\001616_00_a.png,a
images\001617_00_a.png,a
images\001618_00_a.png,a
images\001619_00_a.png,a
images\001620_00_a.png,a
images\001621_00_a.png,a
images\001622_00_a.png,a
images\001623_00_a.png,a
images\001624_00_a.png,a
images\001625_00_a.png,a
images\001626_00_a.png,a
images\001627_00_a.png,a
images\001628_00_a.png,a
images\001629_00_a.png,a
images\001630_00_a.png,a
images\001631_00_a.png,a
images\001632_00_a.png,a
images\001633_00_a.png,a
images\001634_00_a.png,a
images\001635_00_a.png,a
images\001636_00_a.png,a
images\001637_00_a.png,a
images\001638_00_a.png,a
images\001639_00_a.png,a
images\001640_00_a.png,a
images\001641_00_a.png,a
images\001642_00_a.png,a
images\001643_00_a.png,a
images\001644_00_a.png,a
images\001645_00_a.png,a
images\001646_00_a.png,a
images\001647_00_a.png,a
images\001648_00_a.png,a
images\001649_00_a.png,a
images\001650_00_a.png,a
images\001651_00_a.png,a
images\001652_00_a.png,a
images\001653_00_a.png,a
images\001654_00_a.png,a
images\001655_00_a.png,a
images\001656_00_a.png,a
images\001657_00_a.png,a
images\001658_00_a.png,a
images\001659_00_a.png,a
images\001660_00_a.png,a
images\001661_00_a.png,a
images\001662_00_a.png,a
images\001663_00_a.png,a
images\001664_00_a.png,a
images\001665_00_a.png,a
images\001666_00_a.png,a
images\001667_00_a.png,a
images\001668_00_a.png,a
images\001669_00_a.png,a
images\001670_00_a.png,a
images\001671_00_a.png,a
images\001672_00_a.png,a
images\001673_00_a.png,a
images\001674_00_a.png,a
images\001675_00_a.png,a
images\001676_00_a.png,a
images\001677_00_a.png,a
images\001678_00_a.png,a
images\001679_00_a.png,a
images\001680_00_a.png,a
images\001681_00_a.png,a
images\001682_00_a.png,a
images\001683_00_a.png,a
images\001684_00_a.png,a
images\001685_00_a.png,a
images\001686_00_a.png,a
images\001687_00_a.png,a
images\001688_00_a.png,a
images\001689_00_a.png,a
images\001690_00_a.png,a
images\001691_00_a.png,a
images\001692_00_a.png,a
images\001693_00_a.png,a
images\001694_00_a.png,a
images\001695_00_a.png,a
images\001696_00_a.png,a
images\001697_00_a.png,a
images\001698_00_a.png,a
images\001699_00_a.png,a
images\001700_00_c.png,c
images\001701_00_c.png,c
images\001702_00_c.png,c
images\001703_00_c.png,c
images\001704_00_c.png,c
images\001705_00_c.png,c
images\001706_00_c.png,c
images\001707_00_c.png,c
images\001708_00_c.png,c
images\001709_00_c.png,c
images\001710_00_c.png,c
images\001711_00_c.png,c
images\001712_00_c.png,c
images\001713_00_c.png,c
images\001714_00_c.png,c
images\001715_00_c.png,c
images\001716_00_c.png,c
images\001717_00_c.png,c
images\001718_00_c.png,c
images\001719_00_c.png,c
images\001720_00_c.png,c
images\001721_00_c.png,c
images\001722_00_c.png,c
images\001723_00_c.png,c
images\001724_00_c.png,c
images\001725_00_c.png,c
images\001726_00_c.png,c
images\001727_00_c.png,c
images\001728_00_c.png,c
images\001729_00_c.png,c
images\001730_00_c.png,c
images\001731_00_c.png,c
images\001732_00_c.png,c
images\001733_00_c.png,c
images\001734_00_c.png,c
images\001735_00_c.png,c
images\001736_00_c.png,c
images\001737_00_c.png,c
images\001738_00_c.png,c
images\001739_00_c.png,c
images\001740_00_c.png,c
images\001741_00_c.png,c
images\001742_00_c.png,c
images\001743_00_c.png,c
images\001744_00_c.png,c
images\001745_00_c.png,c
images\001746_00_c.png,c
images\001747_00_c.png,c
images\001748_00_c.png,c
images\001749_00_c.png,c
images\001750_00_c.png,c
images\001751_00_c.png,c
images\001752_00_c.png,c
images\001753_00_c.png,c
images\001754_00_c.png,c
images\001755_00_c.png,c
images\001756_00_c.png,c
images\001757_00_c.png,c
images\001758_00_c.png,c
images\001759_00_c.png,c
images\001760_00_c.png,c
images\001761_00_c.png,c
images\001762_00_c.png,c
images\001763_00_c.png,c
images\001764_00_c.png,c
images\001765_00_c.png,c
images\001766_00_c.png,c
images\001767_00_c.png,c
images\001768_00_c.png,c
images\001769_00_c.png,c
images\001770_00_c.png,c
images\001771_00_c.png,c
images\001772_00_c.png,c
images\001773_00_c.png,c
images\001774_00_c.png,c
images\001775_00_c.png,c
images\001776_00_c.png,c
images\001777_00_c.png,c
images\001778_00_c.png,c
images\001779_00_c.png,c
images\001780_00_c.png,c
images\001781_00_c.png,c
images\001782_00_c.png,c
images\001783_00_c.png,c
images\001784_00_c.png,c
images\001785_00_c.png,c
images\001786_00_c.png,c
images\001787_00_c.png,c
images\001788_00_c.png,c
images\001789_00_c.png,c
images\001790_00_c.png,c
images\001791_00_c.png,c
images\001792_00_c.png,c
images\001793_00_c.png,c
images\001794_00_c.png,c
images\001795_00_c.png,c
images\001796_00_c.png,c
images\001797_00_c.png,c
images\001798_00_c.png,c
images\001799_00_c.png,c
images\001800_00_g.png,g
images\001801_00_g.png,g
images\001802_00_g.png,g
images\001803_00_g.png,g
images\001804_00_g.png,g
images\001805_00_g.png,g
images\001806_00_g.png,g
images\001807_00_g.png,g
images\001808_00_g.png,g
images\001809_00_g.png,g
images\001810_00_g.png,g
images\001811_00_g.png,g
images\001812_00_g.png,g
images\001813_00_g.png,g
images\001814_00_g.png,g
images\001815_00_g.png,g
images\001816_00_g.png,g
images\001817_00_g.png,g
images\001818_00_g.png,g
images\001819_00_g.png,g
images\001820_00_g.png,g
images\001821_00_g.png,g
images\001822_00_g.png,g
images\001823_00_g.png,g
images\001824_00_g.png,g
images\001825_00_g.png,g
images\001826_00_g.png,g
images\001827_00_g.png,g
images\001828_00_g.png,g
images\001829_00_g.png,g
images\001830_00_g.png,g
images\001831_00_g.png,g
images\001832_00_g.png,g
images\001833_00_g.png,g
images\001834_00_g.png,g
images\001835_00_g.png,g
images\001836_00_g.png,g
images\001837_00_g.png,g
images\001838_00_g.png,g
images\001839_00_g.png,g
images\001840_00_g.png,g
images\001841_00_g.png,g
images\001842_00_g.png,g
images\001843_00_g.png,g
images\001844_00_g.png,g
images\001845_00_g.png,g
images\001846_00_g.png,g
images\001847_00_g.png,g
images\001848_00_g.png,g
images\001849_00_g.png,g
images\001850_00_g.png,g
images\001851_00_g.png,g
images\001852_00_g.png,g
images\001853_00_g.png,g
images\001854_00_g.png,g
images\001855_00_g.png,g
images\001856_00_g.png,g
images\001857_00_g.png,g
images\001858_00_g.png,g
images\001859_00_g.png,g
images\001860_00_g.png,g
images\001861_00_g.png,g
images\001862_00_g.png,g
images\001863_00_g.png,g
images\001864_00_g.png,g
images\001865_00_g.png,g
images\001866_00_g.png,g
images\001867_00_g.png,g
images\001868_00_g.png,g
images\001869_00_g.png,g
images\001870_00_g.png,g
images\001871_00_g.png,g
images\001872_00_g.png,g
images\001873_00_g.png,g
images\001874_00_g.png,g
images\001875_00_g.png,g
images\001876_00_g.png,g
images\001877_00_g.png,g
images\001878_00_g.png,g
images\001879_00_g.png,g
images\001880_00_g.png,g
images\001881_00_g.png,g
images\001882_00_g.png,g
images\001883_00_g.png,g
images\001884_00_g.png,g
images\001885_00_g.png,g
images\001886_00_g.png,g
images\001887_00_g.png,g
images\001888_00_g.png,g
images\001889_00_g.png,g
images\001890_00_g.png,g
images\001891_00_g.png,g
images\001892_00_g.png,g
images\001893_00_g.png,g
images\001894_00_g.png,g
images\001895_00_g.png,g
images\001896_00_g.png,g
images\001897_00_g.png,g
images\001898_00_g.png,g
images\001899_00_g.png,g
images\001900_00_i.png,i
images\001901_00_i.png,i
images\001902_00_i.png,i
images\001903_00_i.png,i
images\001904_00_i.png,i
images\001905_00_i.png,i
images\001906_00_i.png,i
images\001907_00_i.png,i
images\001908_00_i.png,i
images\001909_00_i.png,i
images\001910_00_i.png,i
images\001911_00_i.png,i
images\001912_00_i.png,i
images\001913_00_i.png,i
images\001914_00_i.png,i
images\001915_00_i.png,i
images\001916_00_i.png,i
images\001917_00_i.png,i
images\001918_00_i.png,i
images\001919_00_i.png,i
images\001920_00_i.png,i
images\001921_00_i.png,i
images\001922_00_i.png,i
images\001923_00_i.png,i
images\001924_00_i.png,i
images\001925_00_i.png,i
images\001926_00_i.png,i
images\001927_00_i.png,i
images\001928_00_i.png,i
images\001929_00_i.png,i
images\001930_00_i.png,i
images\001931_00_i.png,i
images\001932_00_i.png,i
images\001933_00_i.png,i
images\001934_00_i.png,i
images\001935_00_i.png,i
images\001936_00_i.png,i
images\001937_00_i.png,i
images\001938_00_i.png,i
images\001939_00_i.png,i
images\001940_00_i.png,i
images\001941_00_i.png,i
images\001942_00_i.png,i
images\001943_00_i.png,i
images\001944_00_i.png,i
images\001945_00_i.png,i
images\001946_00_i.png,i
images\001947_00_i.png,i
images\001948_00_i.png,i
images\001949_00_i.png,i
images\001950_00_i.png,i
images\001951_00_i.png,i
images\001952_00_i.png,i
images\001953_00_i.png,i
images\001954_00_i.png,i
images\001955_00_i.png,i
images\001956_00_i.png,i
images\001957_00_i.png,i
images\001958_00_i.png,i
images\001959_00_i.png,i
images\001960_00_i.png,i
images\001961_00_i.png,i
images\001962_00_i.png,i
images\001963_00_i.png,i
images\001964_00_i.png,i
images\001965_00_i.png,i
images\001966_00_i.png,i
images\001967_00_i.png,i
images\001968_00_i.png,i
images\001969_00_i.png,i
images\001970_00_i.png,i
images\001971_00_i.png,i
images\001972_00_i.png,i
images\001973_00_i.png,i
images\001974_00_i.png,i
images\001975_00_i.png,i
images\001976_00_i.png,i
images\001977_00_i.png,i
images\001978_00_i.png,i
images\001979_00_i.png,i
images\001980_00_i.png,i
images\001981_00_i.png,i
images\001982_00_i.png,i
images\001983_00_i.png,i
images\001984_00_i.png,i
images\001985_00_i.png,i
images\001986_00_i.png,i
images\001987_00_i.png,i
images\001988_00_i.png,i
images\001989_00_i.png,i
images\001990_00_i.png,i
images\001991_00_i.png,i
images\001992_00_i.png,i
images\001993_00_i.png,i
images\001994_00_i.png,i
images\001995_00_i.png,i
images\001996_00_i.png,i
images\001997_00_i.png,i
images\001998_00_i.png,i
images\001999_00_i.png,i
images\002000_00_l.png,l
images\002001_00_l.png,l
images\002002_00_l.png,l
images\002003_00_l.png,l
images\002004_00_l.png,l
images\002005_00_l.png,l
images\002006_00_l.png,l
images\002007_00_l.png,l
images\002008_00_l.png,l
images\002009_00_l.png,l
images\002010_00_l.png,l
images\002011_00_l.png,l
images\002012_00_l.png,l
images\002013_00_l.png,l
images\002014_00_l.png,l
images\002015_00_l.png,l
images\002016_00_l.png,l
images\002017_00_l.png,l
images\002018_00_l.png,l
images\002019_00_l.png,l
images\002020_00_l.png,l
images\002021_00_l.png,l
images\002022_00_l.png,l
images\002023_00_l.png,l
images\002024_00_l.png,l
images\002025_00_l.png,l
images\002026_00_l.png,l
images\002027_00_l.png,l
images\002028_00_l.png,l
images\002029_00_l.png,l
images\002030_00_l.png,l
images\002031_00_l.png,l
images\002032_00_l.png,l
images\002033_00_l.png,l
images\002034_00_l.png,l
images\002035_00_l.png,l
images\002036_00_l.png,l
images\002037_00_l.png,l
images\002038_00_l.png,l
images\002039_00_l.png,l
images\002040_00_l.png,l
images\002041_00_l.png,l
images\002042_00_l.png,l
images\002043_00_l.png,l
images\002044_00_l.png,l
images\002045_00_l.png,l
images\002046_00_l.png,l
images\002047_00_l.png,l
images\002048_00_l.png,l
images\002049_00_l.png,l
images\002050_00_l.png,l
images\002051_00_l.png,l
images\002052_00_l.png,l
images\002053_00_l.png,l
images\002054_00_l.png,l
images\002055_00_l.png,l
images\002056_00_l.png,l
images\002057_00_l.png,l
images\002058_00_l.png,l
images\002059_00_l.png,l
images\002060_00_l.png,l
images\002061_00_l.png,l
images\002062_00_l.png,l
images\002063_00_l.png,l
images\002064_00_l.png,l
images\002065_00_l.png,l
images\002066_00_l.png,l
images\002067_00_l.png,l
images\002068_00_l.png,l
images\002069_00_l.png,l
images\002070_00_l.png,l
images\002071_00_l.png,l
images\002072_00_l.png,l
images\002073_00_l.png,l
images\002074_00_l.png,l
images\002075_00_l.png,l
images\002076_00_l.png,l
images\002077_00_l.png,l
images\002078_00_l.png,l
images\002079_00_l.png,l
images\002080_00_l.png,l
images\002081_00_l.png,l
images\002082_00_l.png,l
images\002083_00_l.png,l
images\002084_00_l.png,l
images\002085_00_l.png,l
images\002086_00_l.png,l
images\002087_00_l.png,l
images\002088_00_l.png,l
images\002089_00_l.png,l
images\002090_00_l.png,l
images\002091_00_l.png,l
images\002092_00_l.png,l
images\002093_00_l.png,l
images\002094_00_l.png,l
images\002095_00_l.png,l
images\002096_00_l.png,l
images\002097_00_l.png,l
images\002098_00_l.png,l
images\002099_00_l.png,l
images\002100_00_n.png,n
images\002101_00_n.png,n
images\002102_00_n.png,n
images\002103_00_n.png,n
images\002104_00_n.png,n
images\002105_00_n.png,n
images\002106_00_n.png,n
images\002107_00_n.png,n
images\002108_00_n.png,n
images\002109_00_n.png,n
images\002110_00_n.png,n
images\002111_00_n.png,n
images\002112_00_n.png,n
images\002113_00_n.png,n
images\002114_00_n.png,n
images\002115_00_n.png,n
images\002116_00_n.png,n
images\002117_00_n.png,n
images\002118_00_n.png,n
images\002119_00_n.png,n
images\002120_00_n.png,n
images\002121_00_n.png,n
images\002122_00_n.png,n
images\002123_00_n.png,n
images\002124_00_n.png,n
images\002125_00_n.png,n
images\002126_00_n.png,n
images\002127_00_n.png,n
images\002128_00_n.png,n
images\002129_00_n.png,n
images\002130_00_n.png,n
images\002131_00_n.png,n
images\002132_00_n.png,n
images\002133_00_n.png,n
images\002134_00_n.png,n
images\002135_00_n.png,n
images\002136_00_n.png,n
images\002137_00_n.png,n
images\002138_00_n.png,n
images\002139_00_n.png,n
images\002140_00_n.png,n
images\002141_00_n.png,n
images\002142_00_n.png,n
images\002143_00_n.png,n
images\002144_00_n.png,n
images\002145_00_n.png,n
images\002146_00_n.png,n
images\002147_00_n.png,n
images\002148_00_n.png,n
images\002149_00_n.png,n
images\002150_00_n.png,n
images\002151_00_n.png,n
images\002152_00_n.png,n
images\002153_00_n.png,n
images\002154_00_n.png,n
images\002155_00_n.png,n
images\002156_00_n.png,n
images\002157_00_n.png,n
images\002158_00_n.png,n
images\002159_00_n.png,n
images\002160_00_n.png,n
images\002161_00_n.png,n
images\002162_00_n.png,n
images\002163_00_n.png,n
images\002164_00_n.png,n
images\002165_00_n.png,n
images\002166_00_n.png,n
images\002167_00_n.png,n
images\002168_00_n.png,n
images\002169_00_n.png,n
images\002170_00_n.png,n
images\002171_00_n.png,n
images\002172_00_n.png,n
images\002173_00_n.png,n
images\002174_00_n.png,n
images\002175_00_n.png,n
images\002176_00_n.png,n
images\002177_00_n.png,n
images\002178_00_n.png,n
images\002179_00_n.png,n
images\002180_00_n.png,n
images\002181_00_n.png,n
images\002182_00_n.png,n
images\002183_00_n.png,n
images\002184_00_n.png,n
images\002185_00_n.png,n
images\002186_00_n.png,n
images\002187_00_n.png,n
images\002188_00_n.png,n
images\002189_00_n.png,n
images\002190_00_n.png,n
images\002191_00_n.png,n
images\002192_00_n.png,n
images\002193_00_n.png,n
images\002194_00_n.png,n
images\002195_00_n.png,n
images\002196_00_n.png,n
images\002197_00_n.png,n
images\002198_00_n.png,n
images\002199_00_n.png,n
images\002200_00_o.png,o
images\002201_00_o.png,o
images\002202_00_o.png,o
images\002203_00_o.png,o
images\002204_00_o.png,o
images\002205_00_o.png,o
images\002206_00_o.png,o
images\002207_00_o.png,o
images\002208_00_o.png,o
images\002209_00_o.png,o
images\002210_00_o.png,o
images\002211_00_o.png,o
images\002212_00_o.png,o
images\002213_00_o.png,o
images\002214_00_o.png,o
images\002215_00_o.png,o
images\002216_00_o.png,o
images\002217_00_o.png,o
images\002218_00_o.png,o
images\002219_00_o.png,o
images\002220_00_o.png,o
images\002221_00_o.png,o
images\002222_00_o.png,o
images\002223_00_o.png,o
images\002224_00_o.png,o
images\002225_00_o.png,o
images\002226_00_o.png,o
images\002227_00_o.png,o
images\002228_00_o.png,o
images\002229_00_o.png,o
images\002230_00_o.png,o
images\002231_00_o.png,o
images\002232_00_o.png,o
images\002233_00_o.png,o
images\002234_00_o.png,o
images\002235_00_o.png,o
images\002236_00_o.png,o
images\002237_00_o.png,o
images\002238_00_o.png,o
images\002239_00_o.png,o
images\002240_00_o.png,o
images\002241_00_o.png,o
images\002242_00_o.png,o
images\002243_00_o.png,o
images\002244_00_o.png,o
images\002245_00_o.png,o
images\002246_00_o.png,o
images\002247_00_o.png,o
images\002248_00_o.png,o
images\002249_00_o.png,o
images\002250_00_o.png,o
images\002251_00_o.png,o
images\002252_00_o.png,o
images\002253_00_o.png,o
images\002254_00_o.png,o
images\002255_00_o.png,o
images\002256_00_o.png,o
images\002257_00_o.png,o
images\002258_00_o.png,o
images\002259_00_o.png,o
images\002260_00_o.png,o
images\002261_00_o.png,o
images\002262_00_o.png,o
images\002263_00_o.png,o
images\002264_00_o.png,o
images\002265_00_o.png,o
images\002266_00_o.png,o
images\002267_00_o.png,o
images\002268_00_o.png,o
images\002269_00_o.png,o
images\002270_00_o.png,o
images\002271_00_o.png,o
images\002272_00_o.png,o
images\002273_00_o.png,o
images\002274_00_o.png,o
images\002275_00_o.png,o
images\002276_00_o.png,o
images\002277_00_o.png,o
images\002278_00_o.png,o
images\002279_00_o.png,o
images\002280_00_o.png,o
images\002281_00_o.png,o
images\002282_00_o.png,o
images\002283_00_o.png,o
images\002284_00_o.png,o
images\002285_00_o.png,o
images\002286_00_o.png,o
images\002287_00_o.png,o
images\002288_00_o.png,o
images\002289_00_o.png,o
images\002290_00_o.png,o
images\002291_00_o.png,o
images\002292_00_o.png,o
images\002293_00_o.png,o
images\002294_00_o.png,o
images\002295_00_o.png,o
images\002296_00_o.png,o
images\002297_00_o.png,o
images\002298_00_o.png,o
images\002299_00_o.png,o
images\002300_00_s.png,s
images\002301_00_s.png,s
images\002302_00_s.png,s
images\002303_00_s.png,s
images\002304_00_s.png,s
images\002305_00_s.png,s
images\002306_00_s.png,s
images\002307_00_s.png,s
images\002308_00_s.png,s
images\002309_00_s.png,s
images\002310_00_s.png,s
images\002311_00_s.png,s
images\002312_00_s.png,s
images\002313_00_s.png,s
images\002314_00_s.png,s
images\002315_00_s.png,s
images\002316_00_s.png,s
images\002317_00_s.png,s
images\002318_00_s.png,s
images\002319_00_s.png,s
images\002320_00_s.png,s
images\002321_00_s.png,s
images\002322_00_s.png,s
images\002323_00_s.png,s
images\002324_00_s.png,s
images\002325_00_s.png,s
images\002326_00_s.png,s
images\002327_00_s.png,s
images\002328_00_s.png,s
images\002329_00_s.png,s
images\002330_00_s.png,s
images\002331_00_s.png,s
images\002332_00_s.png,s
images\002333_00_s.png,s
images\002334_00_s.png,s
images\002335_00_s.png,s
images\002336_00_s.png,s
images\002337_00_s.png,s
images\002338_00_s.png,s
images\002339_00_s.png,s
images\002340_00_s.png,s
images\002341_00_s.png,s
images\002342_00_s.png,s
images\002343_00_s.png,s
images\002344_00_s.png,s
images\002345_00_s.png,s
images\002346_00_s.png,s
images\002347_00_s.png,s
images\002348_00_s.png,s
images\002349_00_s.png,s
images\002350_00_s.png,s
images\002351_00_s.png,s
images\002352_00_s.png,s
images\002353_00_s.png,s
images\002354_00_s.png,s
images\002355_00_s.png,s
images\002356_00_s.png,s
images\002357_00_s.png,s
images\002358_00_s.png,s
images\002359_00_s.png,s
images\002360_00_s.png,s
images\002361_00_s.png,s
images\002362_00_s.png,s
images\002363_00_s.png,s
images\002364_00_s.png,s
images\002365_00_s.png,s
images\002366_00_s.png,s
images\002367_00_s.png,s
images\002368_00_s.png,s
images\002369_00_s.png,s
images\002370_00_s.png,s
images\002371_00_s.png,s
images\002372_00_s.png,s
images\002373_00_s.png,s
images\002374_00_s.png,s
images\002375_00_s.png,s
images\002376_00_s.png,s
images\002377_00_s.png,s
images\002378_00_s.png,s
images\002379_00_s.png,s
images\002380_00_s.png,s
images\002381_00_s.png,s
images\002382_00_s.png,s
images\002383_00_s.png,s
images\002384_00_s.png,s
images\002385_00_s.png,s
images\002386_00_s.png,s
images\002387_00_s.png,s
images\002388_00_s.png,s
images\002389_00_s.png,s
images\002390_00_s.png,s
images\002391_00_s.png,s
images\002392_00_s.png,s
images\002393_00_s.png,s
images\002394_00_s.png,s
images\002395_00_s.png,s
images\002396_00_s.png,s
images\002397_00_s.png,s
images\002398_00_s.png,s
images\002399_00_s.png,s
images\002400_00_t.png,t
images\002401_00_t.png,t
images\002402_00_t.png,t
images\002403_00_t.png,t
images\002404_00_t.png,t
images\002405_00_t.png,t
images\002406_00_t.png,t
images\002407_00_t.png,t
images\002408_00_t.png,t
images\002409_00_t.png,t
images\002410_00_t.png,t
images\002411_00_t.png,t
images\002412_00_t.png,t
images\002413_00_t.png,t
images\002414_00_t.png,t
images\002415_00_t.png,t
images\002416_00_t.png,t
images\002417_00_t.png,t
images\002418_00_t.png,t
images\002419_00_t.png,t
images\002420_00_t.png,t
images\002421_00_t.png,t
images\002422_00_t.png,t
images\002423_00_t.png,t
images\002424_00_t.png,t
images\002425_00_t.png,t
images\002426_00_t.png,t
images\002427_00_t.png,t
images\002428_00_t.png,t
images\002429_00_t.png,t
images\002430_00_t.png,t
images\002431_00_t.png,t
images\002432_00_t.png,t
images\002433_00_t.png,t
images\002434_00_t.png,t
images\002435_00_t.png,t
images\002436_00_t.png,t
images\002437_00_t.png,t
images\002438_00_t.png,t
images\002439_00_t.png,t
images\002440_00_t.png,t
images\002441_00_t.png,t
images\002442_00_t.png,t
images\002443_00_t.png,t
images\002444_00_t.png,t
images\002445_00_t.png,t
images\002446_00_t.png,t
images\002447_00_t.png,t
images\002448_00_t.png,t
images\002449_00_t.png,t
images\002450_00_t.png,t
images\002451_00_t.png,t
images\002452_00_t.png,t
images\002453_00_t.png,t
images\002454_00_t.png,t
images\002455_00_t.png,t
images\002456_00_t.png,t
images\002457_00_t.png,t
images\002458_00_t.png,t
images\002459_00_t.png,t
images\002460_00_t.png,t
images\002461_00_t.png,t
images\002462_00_t.png,t
images\002463_00_t.png,t
images\002464_00_t.png,t
images\002465_00_t.png,t
images\002466_00_t.png,t
images\002467_00_t.png,t
images\002468_00_t.png,t
images\002469_00_t.png,t
images\002470_00_t.png,t
images\002471_00_t.png,t
images\002472_00_t.png,t
images\002473_00_t.png,t
images\002474_00_t.png,t
images\002475_00_t.png,t
images\002476_00_t.png,t
images\002477_00_t.png,t
images\002478_00_t.png,t
images\002479_00_t.png,t
images\002480_00_t.png,t
images\002481_00_t.png,t
images\002482_00_t.png,t
images\002483_00_t.png,t
images\002484_00_t.png,t
images\002485_00_t.png,t
images\002486_00_t.png,t
images\002487_00_t.png,t
images\002488_00_t.png,t
images\002489_00_t.png,t
images\002490_00_t.png,t
images\002491_00_t.png,t
images\002492_00_t.png,t
images\002493_00_t.png,t
images\002494_00_t.png,t
images\002495_00_t.png,t
images\002496_00_t.png,t
images\002497_00_t.png,t
images\002498_00_t.png,t
images\002499_00_t.png,t
images\002500_00_x.png,x
images\002501_00_x.png,x
images\002502_00_x.png,x
images\002503_00_x.png,x
images\002504_00_x.png,x
images\002505_00_x.png,x
images\002506_00_x.png,x
images\002507_00_x.png,x
images\002508_00_x.png,x
images\002509_00_x.png,x
images\002510_00_x.png,x
images\002511_00_x.png,x
images\002512_00_x.png,x
images\002513_00_x.png,x
images\002514_00_x.png,x
images\002515_00_x.png,x
images\002516_00_x.png,x
images\002517_00_x.png,x
images\002518_00_x.png,x
images\002519_00_x.png,x
images\002520_00_x.png,x
images\002521_00_x.png,x
images\002522_00_x.png,x
images\002523_00_x.png,x
images\002524_00_x.png,x
images\002525_00_x.png,x
images\002526_00_x.png,x
images\002527_00_x.png,x
images\002528_00_x.png,x
images\002529_00_x.png,x
images\002530_00_x.png,x
images\002531_00_x.png,x
images\002532_00_x.png,x
images\002533_00_x.png,x
images\002534_00_x.png,x
images\002535_00_x.png,x
images\002536_00_x.png,x
images\002537_00_x.png,x
images\002538_00_x.png,x
images\002539_00_x.png,x
images\002540_00_x.png,x
images\002541_00_x.png,x
images\002542_00_x.png,x
images\002543_00_x.png,x
images\002544_00_x.png,x
images\002545_00_x.png,x
images\002546_00_x.png,x
images\002547_00_x.png,x
images\002548_00_x.png,x
images\002549_00_x.png,x
images\002550_00_x.png,x
images\002551_00_x.png,x
images\002552_00_x.png,x
images\002553_00_x.png,x
images\002554_00_x.png,x
images\002555_00_x.png,x
images\002556_00_x.png,x
images\002557_00_x.png,x
images\002558_00_x.png,x
images\002559_00_x.png,x
images\002560_00_x.png,x
images\002561_00_x.png,x
images\002562_00_x.png,x
images\002563_00_x.png,x
images\002564_00_x.png,x
images\002565_00_x.png,x
images\002566_00_x.png,x
images\002567_00_x.png,x
images\002568_00_x.png,x
images\002569_00_x.png,x
images\002570_00_x.png,x
images\002571_00_x.png,x
images\002572_00_x.png,x
images\002573_00_x.png,x
images\002574_00_x.png,x
images\002575_00_x.png,x
images\002576_00_x.png,x
images\002577_00_x.png,x
images\002578_00_x.png,x
images\002579_00_x.png,x
images\002580_00_x.png,x
images\002581_00_x.png,x
images\002582_00_x.png,x
images\002583_00_x.png,x
images\002584_00_x.png,x
images\002585_00_x.png,x
images\002586_00_x.png,x
images\002587_00_x.png,x
images\002588_00_x.png,x
images\002589_00_x.png,x
images\002590_00_x.png,x
images\002591_00_x.png,x
images\002592_00_x.png,x
images\002593_00_x.png,x
images\002594_00_x.png,x
images\002595_00_x.png,x
images\002596_00_x.png,x
images\002597_00_x.png,x
images\002598_00_x.png,x
images\002599_00_x.png,x
